STATEFP,COUNTYFP,COUNTYNS,GEOID,NAME,NAMELSAD,LSAD,CLASSFP,MTFCC,CSAFP,CBSAFP,METDIVFP,FUNCSTAT,ALAND,AWATER,INTPTLAT,INTPTLON,pop20,year,n,hitrun,ped,cyclist,cite_for_dui,cite_for_speed,n_perk
53,069,01513275,53069,Wahkiakum,Wahkiakum County,06,H1,G4020,NA,NA,NA,A,680976231,61568965,+46.2946377,-123.4244583,4422,2014,46,2,0,0,2,0,10.402532790592494
53,069,01513275,53069,Wahkiakum,Wahkiakum County,06,H1,G4020,NA,NA,NA,A,680976231,61568965,+46.2946377,-123.4244583,4422,2015,68,9,0,0,6,4,15.377657168701946
53,069,01513275,53069,Wahkiakum,Wahkiakum County,06,H1,G4020,NA,NA,NA,A,680976231,61568965,+46.2946377,-123.4244583,4422,2016,59,7,1,0,0,6,13.342379014020805
53,069,01513275,53069,Wahkiakum,Wahkiakum County,06,H1,G4020,NA,NA,NA,A,680976231,61568965,+46.2946377,-123.4244583,4422,2017,57,7,0,0,4,8,12.89009497964722
53,069,01513275,53069,Wahkiakum,Wahkiakum County,06,H1,G4020,NA,NA,NA,A,680976231,61568965,+46.2946377,-123.4244583,4422,2018,52,5,0,0,2,3,11.759384893713253
53,069,01513275,53069,Wahkiakum,Wahkiakum County,06,H1,G4020,NA,NA,NA,A,680976231,61568965,+46.2946377,-123.4244583,4422,2019,60,5,0,0,2,3,13.568521031207599
53,069,01513275,53069,Wahkiakum,Wahkiakum County,06,H1,G4020,NA,NA,NA,A,680976231,61568965,+46.2946377,-123.4244583,4422,2020,68,7,2,0,1,7,15.377657168701946
53,069,01513275,53069,Wahkiakum,Wahkiakum County,06,H1,G4020,NA,NA,NA,A,680976231,61568965,+46.2946377,-123.4244583,4422,2021,58,7,2,1,3,5,13.116236996834013
53,069,01513275,53069,Wahkiakum,Wahkiakum County,06,H1,G4020,NA,NA,NA,A,680976231,61568965,+46.2946377,-123.4244583,4422,2022,42,3,0,0,1,3,9.49796472184532
53,041,01531927,53041,Lewis,Lewis County,06,H1,G4020,500,16500,NA,A,6223175362,86929744,+46.5800714,-122.3774443,82149,2014,1343,144,20,12,69,133,16.34834264568041
53,041,01531927,53041,Lewis,Lewis County,06,H1,G4020,500,16500,NA,A,6223175362,86929744,+46.5800714,-122.3774443,82149,2015,1558,178,15,12,91,131,18.965538229315026
53,041,01531927,53041,Lewis,Lewis County,06,H1,G4020,500,16500,NA,A,6223175362,86929744,+46.5800714,-122.3774443,82149,2016,1407,169,15,6,62,103,17.127414819413506
53,041,01531927,53041,Lewis,Lewis County,06,H1,G4020,500,16500,NA,A,6223175362,86929744,+46.5800714,-122.3774443,82149,2017,1500,216,16,6,75,94,18.259504071869408
53,041,01531927,53041,Lewis,Lewis County,06,H1,G4020,500,16500,NA,A,6223175362,86929744,+46.5800714,-122.3774443,82149,2018,1565,197,31,6,76,131,19.050749248317082
53,041,01531927,53041,Lewis,Lewis County,06,H1,G4020,500,16500,NA,A,6223175362,86929744,+46.5800714,-122.3774443,82149,2019,1540,197,17,5,76,117,18.746424180452593
53,041,01531927,53041,Lewis,Lewis County,06,H1,G4020,500,16500,NA,A,6223175362,86929744,+46.5800714,-122.3774443,82149,2020,1363,198,21,8,78,113,16.591802699972003
53,041,01531927,53041,Lewis,Lewis County,06,H1,G4020,500,16500,NA,A,6223175362,86929744,+46.5800714,-122.3774443,82149,2021,1671,250,12,10,86,137,20.34108753606252
53,041,01531927,53041,Lewis,Lewis County,06,H1,G4020,500,16500,NA,A,6223175362,86929744,+46.5800714,-122.3774443,82149,2022,1621,212,24,12,85,104,19.73243740033354
53,031,01531936,53031,Jefferson,Jefferson County,06,H1,G4020,NA,NA,NA,A,4671633827,994992501,+47.8057075,-123.5270572,32977,2014,365,16,7,5,11,42,11.068320344482519
53,031,01531936,53031,Jefferson,Jefferson County,06,H1,G4020,NA,NA,NA,A,4671633827,994992501,+47.8057075,-123.5270572,32977,2015,471,39,10,13,23,53,14.282681869181552
53,031,01531936,53031,Jefferson,Jefferson County,06,H1,G4020,NA,NA,NA,A,4671633827,994992501,+47.8057075,-123.5270572,32977,2016,368,29,7,5,20,44,11.159292840464568
53,031,01531936,53031,Jefferson,Jefferson County,06,H1,G4020,NA,NA,NA,A,4671633827,994992501,+47.8057075,-123.5270572,32977,2017,452,30,7,2,27,46,13.706522727961914
53,031,01531936,53031,Jefferson,Jefferson County,06,H1,G4020,NA,NA,NA,A,4671633827,994992501,+47.8057075,-123.5270572,32977,2018,513,35,6,9,29,37,15.556296812930226
53,031,01531936,53031,Jefferson,Jefferson County,06,H1,G4020,NA,NA,NA,A,4671633827,994992501,+47.8057075,-123.5270572,32977,2019,431,32,3,7,37,32,13.069715256087578
53,031,01531936,53031,Jefferson,Jefferson County,06,H1,G4020,NA,NA,NA,A,4671633827,994992501,+47.8057075,-123.5270572,32977,2020,359,13,5,2,18,35,10.886375352518423
53,031,01531936,53031,Jefferson,Jefferson County,06,H1,G4020,NA,NA,NA,A,4671633827,994992501,+47.8057075,-123.5270572,32977,2021,366,21,5,4,24,42,11.09864450980987
53,031,01531936,53031,Jefferson,Jefferson County,06,H1,G4020,NA,NA,NA,A,4671633827,994992501,+47.8057075,-123.5270572,32977,2022,435,31,5,8,18,37,13.191011917396976
53,013,01513273,53013,Columbia,Columbia County,06,H1,G4020,NA,NA,NA,A,2249624779,12561759,+46.2928505,-117.9116345,3952,2014,89,3,1,0,1,9,22.520242914979757
53,013,01513273,53013,Columbia,Columbia County,06,H1,G4020,NA,NA,NA,A,2249624779,12561759,+46.2928505,-117.9116345,3952,2015,91,5,1,2,1,9,23.026315789473685
53,013,01513273,53013,Columbia,Columbia County,06,H1,G4020,NA,NA,NA,A,2249624779,12561759,+46.2928505,-117.9116345,3952,2016,61,2,0,0,2,9,15.435222672064777
53,013,01513273,53013,Columbia,Columbia County,06,H1,G4020,NA,NA,NA,A,2249624779,12561759,+46.2928505,-117.9116345,3952,2017,68,4,0,0,2,4,17.206477732793523
53,013,01513273,53013,Columbia,Columbia County,06,H1,G4020,NA,NA,NA,A,2249624779,12561759,+46.2928505,-117.9116345,3952,2018,67,4,2,2,2,1,16.953441295546558
53,013,01513273,53013,Columbia,Columbia County,06,H1,G4020,NA,NA,NA,A,2249624779,12561759,+46.2928505,-117.9116345,3952,2019,70,3,1,0,3,4,17.71255060728745
53,013,01513273,53013,Columbia,Columbia County,06,H1,G4020,NA,NA,NA,A,2249624779,12561759,+46.2928505,-117.9116345,3952,2020,68,5,0,0,5,3,17.206477732793523
53,013,01513273,53013,Columbia,Columbia County,06,H1,G4020,NA,NA,NA,A,2249624779,12561759,+46.2928505,-117.9116345,3952,2021,73,2,0,0,2,2,18.47165991902834
53,013,01513273,53013,Columbia,Columbia County,06,H1,G4020,NA,NA,NA,A,2249624779,12561759,+46.2928505,-117.9116345,3952,2022,71,5,1,1,2,4,17.965587044534413
53,037,01531926,53037,Kittitas,Kittitas County,06,H1,G4020,NA,21260,NA,A,5949926850,92486168,+47.1244411,-120.6767092,44337,2014,1340,158,7,14,31,184,30.223064257843333
53,037,01531926,53037,Kittitas,Kittitas County,06,H1,G4020,NA,21260,NA,A,5949926850,92486168,+47.1244411,-120.6767092,44337,2015,1436,167,9,7,38,166,32.38829871213659
53,037,01531926,53037,Kittitas,Kittitas County,06,H1,G4020,NA,21260,NA,A,5949926850,92486168,+47.1244411,-120.6767092,44337,2016,1383,215,24,9,30,206,31.192908857162188
53,037,01531926,53037,Kittitas,Kittitas County,06,H1,G4020,NA,21260,NA,A,5949926850,92486168,+47.1244411,-120.6767092,44337,2017,1546,225,9,12,46,262,34.86929652434761
53,037,01531926,53037,Kittitas,Kittitas County,06,H1,G4020,NA,21260,NA,A,5949926850,92486168,+47.1244411,-120.6767092,44337,2018,1528,203,20,9,39,270,34.463315064167624
53,037,01531926,53037,Kittitas,Kittitas County,06,H1,G4020,NA,21260,NA,A,5949926850,92486168,+47.1244411,-120.6767092,44337,2019,1485,211,12,6,38,322,33.49347046484877
53,037,01531926,53037,Kittitas,Kittitas County,06,H1,G4020,NA,21260,NA,A,5949926850,92486168,+47.1244411,-120.6767092,44337,2020,1288,171,10,7,50,272,29.05022892843449
53,037,01531926,53037,Kittitas,Kittitas County,06,H1,G4020,NA,21260,NA,A,5949926850,92486168,+47.1244411,-120.6767092,44337,2021,1412,190,12,9,51,275,31.846990098563275
53,037,01531926,53037,Kittitas,Kittitas County,06,H1,G4020,NA,21260,NA,A,5949926850,92486168,+47.1244411,-120.6767092,44337,2022,1375,184,8,2,29,271,31.01247265263775
53,061,01529222,53061,Snohomish,Snohomish County,06,H1,G4020,500,42660,42644,A,5404065563,282905322,+48.0549130,-121.7650375,827957,2014,14546,2629,326,151,274,1338,17.56854522638253
53,061,01529222,53061,Snohomish,Snohomish County,06,H1,G4020,500,42660,42644,A,5404065563,282905322,+48.0549130,-121.7650375,827957,2015,15595,2714,298,166,304,1369,18.835519235902346
53,061,01529222,53061,Snohomish,Snohomish County,06,H1,G4020,500,42660,42644,A,5404065563,282905322,+48.0549130,-121.7650375,827957,2016,14526,2677,298,153,255,1265,17.5443893825404
53,061,01529222,53061,Snohomish,Snohomish County,06,H1,G4020,500,42660,42644,A,5404065563,282905322,+48.0549130,-121.7650375,827957,2017,15170,2724,306,122,246,1184,18.322207554257044
53,061,01529222,53061,Snohomish,Snohomish County,06,H1,G4020,500,42660,42644,A,5404065563,282905322,+48.0549130,-121.7650375,827957,2018,15891,2663,314,121,275,1391,19.1930257247659
53,061,01529222,53061,Snohomish,Snohomish County,06,H1,G4020,500,42660,42644,A,5404065563,282905322,+48.0549130,-121.7650375,827957,2019,14945,2424,262,121,259,1349,18.05045431103306
53,061,01529222,53061,Snohomish,Snohomish County,06,H1,G4020,500,42660,42644,A,5404065563,282905322,+48.0549130,-121.7650375,827957,2020,11012,2034,233,72,243,956,13.300207619477824
53,061,01529222,53061,Snohomish,Snohomish County,06,H1,G4020,500,42660,42644,A,5404065563,282905322,+48.0549130,-121.7650375,827957,2021,13034,2296,214,86,274,1243,15.742363431917358
53,061,01529222,53061,Snohomish,Snohomish County,06,H1,G4020,500,42660,42644,A,5404065563,282905322,+48.0549130,-121.7650375,827957,2022,12497,2145,250,88,255,1090,15.093779024756117
53,077,01531929,53077,Yakima,Yakima County,06,H1,G4020,NA,49420,NA,A,11122734368,41188783,+46.4565581,-120.7401446,256728,2014,4226,785,78,30,230,189,16.461001526907854
53,077,01531929,53077,Yakima,Yakima County,06,H1,G4020,NA,49420,NA,A,11122734368,41188783,+46.4565581,-120.7401446,256728,2015,4502,914,67,35,215,170,17.53606930291982
53,077,01531929,53077,Yakima,Yakima County,06,H1,G4020,NA,49420,NA,A,11122734368,41188783,+46.4565581,-120.7401446,256728,2016,4265,935,77,21,208,166,16.612913277866067
53,077,01531929,53077,Yakima,Yakima County,06,H1,G4020,NA,49420,NA,A,11122734368,41188783,+46.4565581,-120.7401446,256728,2017,4588,952,83,27,198,194,17.871054189648188
53,077,01531929,53077,Yakima,Yakima County,06,H1,G4020,NA,49420,NA,A,11122734368,41188783,+46.4565581,-120.7401446,256728,2018,4623,964,73,33,237,150,18.00738524820043
53,077,01531929,53077,Yakima,Yakima County,06,H1,G4020,NA,49420,NA,A,11122734368,41188783,+46.4565581,-120.7401446,256728,2019,4569,908,74,33,238,299,17.797045900719827
53,077,01531929,53077,Yakima,Yakima County,06,H1,G4020,NA,49420,NA,A,11122734368,41188783,+46.4565581,-120.7401446,256728,2020,3762,844,53,22,206,136,14.653641207815275
53,077,01531929,53077,Yakima,Yakima County,06,H1,G4020,NA,49420,NA,A,11122734368,41188783,+46.4565581,-120.7401446,256728,2021,4584,1043,72,19,248,164,17.855473497242215
53,077,01531929,53077,Yakima,Yakima County,06,H1,G4020,NA,49420,NA,A,11122734368,41188783,+46.4565581,-120.7401446,256728,2022,4735,1049,55,27,293,262,18.443644635567605
53,047,01531928,53047,Okanogan,Okanogan County,06,H1,G4020,NA,NA,NA,A,13639402439,120409385,+48.5484533,-119.7422347,42104,2014,526,50,9,1,17,38,12.492874786243588
53,047,01531928,53047,Okanogan,Okanogan County,06,H1,G4020,NA,NA,NA,A,13639402439,120409385,+48.5484533,-119.7422347,42104,2015,531,39,7,3,29,29,12.611628348850466
53,047,01531928,53047,Okanogan,Okanogan County,06,H1,G4020,NA,NA,NA,A,13639402439,120409385,+48.5484533,-119.7422347,42104,2016,452,45,5,0,17,44,10.73532205966179
53,047,01531928,53047,Okanogan,Okanogan County,06,H1,G4020,NA,NA,NA,A,13639402439,120409385,+48.5484533,-119.7422347,42104,2017,473,44,6,3,34,36,11.234087022610678
53,047,01531928,53047,Okanogan,Okanogan County,06,H1,G4020,NA,NA,NA,A,13639402439,120409385,+48.5484533,-119.7422347,42104,2018,469,40,5,1,27,54,11.139084172525177
53,047,01531928,53047,Okanogan,Okanogan County,06,H1,G4020,NA,NA,NA,A,13639402439,120409385,+48.5484533,-119.7422347,42104,2019,483,40,7,3,16,41,11.471594147824435
53,047,01531928,53047,Okanogan,Okanogan County,06,H1,G4020,NA,NA,NA,A,13639402439,120409385,+48.5484533,-119.7422347,42104,2020,463,39,3,2,17,35,10.996579897396922
53,047,01531928,53047,Okanogan,Okanogan County,06,H1,G4020,NA,NA,NA,A,13639402439,120409385,+48.5484533,-119.7422347,42104,2021,468,49,5,0,18,31,11.1153334600038
53,047,01531928,53047,Okanogan,Okanogan County,06,H1,G4020,NA,NA,NA,A,13639402439,120409385,+48.5484533,-119.7422347,42104,2022,428,41,6,0,21,33,10.165304959148775
53,063,01529225,53063,Spokane,Spokane County,06,H1,G4020,518,44060,NA,A,4569318495,43407953,+47.6203752,-117.4033714,539339,2014,6854,1188,212,108,281,542,12.708148307465247
53,063,01529225,53063,Spokane,Spokane County,06,H1,G4020,518,44060,NA,A,4569318495,43407953,+47.6203752,-117.4033714,539339,2015,7318,1252,216,110,242,542,13.56846065276199
53,063,01529225,53063,Spokane,Spokane County,06,H1,G4020,518,44060,NA,A,4569318495,43407953,+47.6203752,-117.4033714,539339,2016,6873,1238,210,106,258,440,12.743376614708003
53,063,01529225,53063,Spokane,Spokane County,06,H1,G4020,518,44060,NA,A,4569318495,43407953,+47.6203752,-117.4033714,539339,2017,6938,1254,189,83,231,481,12.863894507906899
53,063,01529225,53063,Spokane,Spokane County,06,H1,G4020,518,44060,NA,A,4569318495,43407953,+47.6203752,-117.4033714,539339,2018,7530,1404,245,118,299,417,13.961534396733779
53,063,01529225,53063,Spokane,Spokane County,06,H1,G4020,518,44060,NA,A,4569318495,43407953,+47.6203752,-117.4033714,539339,2019,8739,2214,247,101,241,657,16.203167210233264
53,063,01529225,53063,Spokane,Spokane County,06,H1,G4020,518,44060,NA,A,4569318495,43407953,+47.6203752,-117.4033714,539339,2020,7322,1901,181,84,239,388,13.575877138497308
53,063,01529225,53063,Spokane,Spokane County,06,H1,G4020,518,44060,NA,A,4569318495,43407953,+47.6203752,-117.4033714,539339,2021,8183,2040,211,81,251,463,15.172275693024238
53,063,01529225,53063,Spokane,Spokane County,06,H1,G4020,518,44060,NA,A,4569318495,43407953,+47.6203752,-117.4033714,539339,2022,7786,1973,187,81,220,542,14.43618948379405
53,029,01513272,53029,Island,Island County,06,H1,G4020,500,36020,NA,A,539943912,799920796,+48.1585538,-122.6706492,86857,2014,717,30,10,7,33,113,8.254947787743072
53,029,01513272,53029,Island,Island County,06,H1,G4020,500,36020,NA,A,539943912,799920796,+48.1585538,-122.6706492,86857,2015,730,39,7,11,29,108,8.40461908654455
53,029,01513272,53029,Island,Island County,06,H1,G4020,500,36020,NA,A,539943912,799920796,+48.1585538,-122.6706492,86857,2016,703,45,9,5,21,88,8.093763312110712
53,029,01513272,53029,Island,Island County,06,H1,G4020,500,36020,NA,A,539943912,799920796,+48.1585538,-122.6706492,86857,2017,775,45,9,6,25,74,8.922712043934283
53,029,01513272,53029,Island,Island County,06,H1,G4020,500,36020,NA,A,539943912,799920796,+48.1585538,-122.6706492,86857,2018,756,47,15,5,37,70,8.703961684147506
53,029,01513272,53029,Island,Island County,06,H1,G4020,500,36020,NA,A,539943912,799920796,+48.1585538,-122.6706492,86857,2019,765,45,10,6,30,71,8.807580275625453
53,029,01513272,53029,Island,Island County,06,H1,G4020,500,36020,NA,A,539943912,799920796,+48.1585538,-122.6706492,86857,2020,644,52,6,5,34,41,7.414485879088617
53,029,01513272,53029,Island,Island County,06,H1,G4020,500,36020,NA,A,539943912,799920796,+48.1585538,-122.6706492,86857,2021,745,50,6,3,25,54,8.577316739007795
53,029,01513272,53029,Island,Island County,06,H1,G4020,500,36020,NA,A,539943912,799920796,+48.1585538,-122.6706492,86857,2022,664,31,12,7,32,30,7.644749415706276
53,009,01531341,53009,Clallam,Clallam County,06,H1,G4020,NA,38820,NA,A,4503412739,2409309960,+48.1109034,-123.8898599,77155,2014,909,93,19,10,47,58,11.7814788412935
53,009,01531341,53009,Clallam,Clallam County,06,H1,G4020,NA,38820,NA,A,4503412739,2409309960,+48.1109034,-123.8898599,77155,2015,908,102,22,12,53,55,11.768517918475796
53,009,01531341,53009,Clallam,Clallam County,06,H1,G4020,NA,38820,NA,A,4503412739,2409309960,+48.1109034,-123.8898599,77155,2016,874,106,22,14,31,43,11.327846542673838
53,009,01531341,53009,Clallam,Clallam County,06,H1,G4020,NA,38820,NA,A,4503412739,2409309960,+48.1109034,-123.8898599,77155,2017,960,101,18,14,32,63,12.442485904996435
53,009,01531341,53009,Clallam,Clallam County,06,H1,G4020,NA,38820,NA,A,4503412739,2409309960,+48.1109034,-123.8898599,77155,2018,948,110,22,10,43,61,12.28695483118398
53,009,01531341,53009,Clallam,Clallam County,06,H1,G4020,NA,38820,NA,A,4503412739,2409309960,+48.1109034,-123.8898599,77155,2019,896,76,16,8,35,60,11.61298684466334
53,009,01531341,53009,Clallam,Clallam County,06,H1,G4020,NA,38820,NA,A,4503412739,2409309960,+48.1109034,-123.8898599,77155,2020,817,90,16,9,40,54,10.589073942064674
53,009,01531341,53009,Clallam,Clallam County,06,H1,G4020,NA,38820,NA,A,4503412739,2409309960,+48.1109034,-123.8898599,77155,2021,905,95,12,15,32,60,11.729635150022682
53,009,01531341,53009,Clallam,Clallam County,06,H1,G4020,NA,38820,NA,A,4503412739,2409309960,+48.1109034,-123.8898599,77155,2022,856,84,8,7,38,50,11.094549931955155
53,065,01531930,53065,Stevens,Stevens County,06,H1,G4020,518,44060,NA,A,6415657826,162941995,+48.3887277,-117.8544548,46445,2014,538,31,4,3,26,42,11.583593497685435
53,065,01531930,53065,Stevens,Stevens County,06,H1,G4020,518,44060,NA,A,6415657826,162941995,+48.3887277,-117.8544548,46445,2015,497,18,2,1,26,29,10.7008289374529
53,065,01531930,53065,Stevens,Stevens County,06,H1,G4020,518,44060,NA,A,6415657826,162941995,+48.3887277,-117.8544548,46445,2016,374,10,1,1,15,28,8.052535256755302
53,065,01531930,53065,Stevens,Stevens County,06,H1,G4020,518,44060,NA,A,6415657826,162941995,+48.3887277,-117.8544548,46445,2017,394,24,0,0,17,34,8.483152115405318
53,065,01531930,53065,Stevens,Stevens County,06,H1,G4020,518,44060,NA,A,6415657826,162941995,+48.3887277,-117.8544548,46445,2018,468,18,2,0,22,38,10.076434492410378
53,065,01531930,53065,Stevens,Stevens County,06,H1,G4020,518,44060,NA,A,6415657826,162941995,+48.3887277,-117.8544548,46445,2019,416,24,2,5,17,31,8.956830659920335
53,065,01531930,53065,Stevens,Stevens County,06,H1,G4020,518,44060,NA,A,6415657826,162941995,+48.3887277,-117.8544548,46445,2020,454,24,3,3,10,32,9.775002691355366
53,065,01531930,53065,Stevens,Stevens County,06,H1,G4020,518,44060,NA,A,6415657826,162941995,+48.3887277,-117.8544548,46445,2021,446,20,0,0,12,22,9.60275594789536
53,065,01531930,53065,Stevens,Stevens County,06,H1,G4020,518,44060,NA,A,6415657826,162941995,+48.3887277,-117.8544548,46445,2022,403,16,3,1,10,19,8.676929701797825
53,051,01529157,53051,Pend Oreille,Pend Oreille County,06,H1,G4020,NA,NA,NA,A,3626617235,65406812,+48.5438247,-117.2321913,13401,2014,184,9,1,0,9,15,13.730318632937841
53,051,01529157,53051,Pend Oreille,Pend Oreille County,06,H1,G4020,NA,NA,NA,A,3626617235,65406812,+48.5438247,-117.2321913,13401,2015,167,9,0,0,9,17,12.461756585329454
53,051,01529157,53051,Pend Oreille,Pend Oreille County,06,H1,G4020,NA,NA,NA,A,3626617235,65406812,+48.5438247,-117.2321913,13401,2016,133,11,1,0,4,9,9.924632490112678
53,051,01529157,53051,Pend Oreille,Pend Oreille County,06,H1,G4020,NA,NA,NA,A,3626617235,65406812,+48.5438247,-117.2321913,13401,2017,151,5,0,0,7,15,11.267815834639206
53,051,01529157,53051,Pend Oreille,Pend Oreille County,06,H1,G4020,NA,NA,NA,A,3626617235,65406812,+48.5438247,-117.2321913,13401,2018,164,8,0,0,10,8,12.237892694575033
53,051,01529157,53051,Pend Oreille,Pend Oreille County,06,H1,G4020,NA,NA,NA,A,3626617235,65406812,+48.5438247,-117.2321913,13401,2019,172,6,1,1,4,14,12.834863069920155
53,051,01529157,53051,Pend Oreille,Pend Oreille County,06,H1,G4020,NA,NA,NA,A,3626617235,65406812,+48.5438247,-117.2321913,13401,2020,174,7,0,0,4,9,12.984105663756436
53,051,01529157,53051,Pend Oreille,Pend Oreille County,06,H1,G4020,NA,NA,NA,A,3626617235,65406812,+48.5438247,-117.2321913,13401,2021,169,9,1,0,6,19,12.610999179165734
53,051,01529157,53051,Pend Oreille,Pend Oreille County,06,H1,G4020,NA,NA,NA,A,3626617235,65406812,+48.5438247,-117.2321913,13401,2022,170,4,2,2,8,5,12.685620476083875
53,073,01529224,53073,Whatcom,Whatcom County,06,H1,G4020,NA,13380,NA,A,5459483486,1028111662,+48.8426531,-121.8364325,226847,2014,3105,408,54,60,140,314,13.687639686661052
53,073,01529224,53073,Whatcom,Whatcom County,06,H1,G4020,NA,13380,NA,A,5459483486,1028111662,+48.8426531,-121.8364325,226847,2015,3124,403,49,64,151,312,13.771396580073795
53,073,01529224,53073,Whatcom,Whatcom County,06,H1,G4020,NA,13380,NA,A,5459483486,1028111662,+48.8426531,-121.8364325,226847,2016,2847,364,59,38,126,292,12.550309239266994
53,073,01529224,53073,Whatcom,Whatcom County,06,H1,G4020,NA,13380,NA,A,5459483486,1028111662,+48.8426531,-121.8364325,226847,2017,3061,358,61,51,134,296,13.493676354547338
53,073,01529224,53073,Whatcom,Whatcom County,06,H1,G4020,NA,13380,NA,A,5459483486,1028111662,+48.8426531,-121.8364325,226847,2018,3279,374,70,43,158,285,14.454676500019836
53,073,01529224,53073,Whatcom,Whatcom County,06,H1,G4020,NA,13380,NA,A,5459483486,1028111662,+48.8426531,-121.8364325,226847,2019,3067,396,62,42,170,228,13.520125899835572
53,073,01529224,53073,Whatcom,Whatcom County,06,H1,G4020,NA,13380,NA,A,5459483486,1028111662,+48.8426531,-121.8364325,226847,2020,2388,312,37,29,140,210,10.526919024717099
53,073,01529224,53073,Whatcom,Whatcom County,06,H1,G4020,NA,13380,NA,A,5459483486,1028111662,+48.8426531,-121.8364325,226847,2021,2779,397,45,28,149,226,12.250547726000343
53,073,01529224,53073,Whatcom,Whatcom County,06,H1,G4020,NA,13380,NA,A,5459483486,1028111662,+48.8426531,-121.8364325,226847,2022,2829,364,46,28,172,203,12.470960603402293
53,007,01531932,53007,Chelan,Chelan County,06,H1,G4020,NA,48300,NA,A,7565814941,189653434,+47.8609739,-120.6190410,79074,2014,1224,109,17,8,40,98,15.479171409059868
53,007,01531932,53007,Chelan,Chelan County,06,H1,G4020,NA,48300,NA,A,7565814941,189653434,+47.8609739,-120.6190410,79074,2015,1326,109,20,6,37,87,16.76910235981486
53,007,01531932,53007,Chelan,Chelan County,06,H1,G4020,NA,48300,NA,A,7565814941,189653434,+47.8609739,-120.6190410,79074,2016,1245,108,15,10,41,106,15.744745428332955
53,007,01531932,53007,Chelan,Chelan County,06,H1,G4020,NA,48300,NA,A,7565814941,189653434,+47.8609739,-120.6190410,79074,2017,1226,127,23,5,24,86,15.504464172800162
53,007,01531932,53007,Chelan,Chelan County,06,H1,G4020,NA,48300,NA,A,7565814941,189653434,+47.8609739,-120.6190410,79074,2018,1251,112,29,13,41,80,15.820623719553836
53,007,01531932,53007,Chelan,Chelan County,06,H1,G4020,NA,48300,NA,A,7565814941,189653434,+47.8609739,-120.6190410,79074,2019,1256,129,16,13,34,87,15.883855628904572
53,007,01531932,53007,Chelan,Chelan County,06,H1,G4020,NA,48300,NA,A,7565814941,189653434,+47.8609739,-120.6190410,79074,2020,1011,97,20,6,25,89,12.785492070718568
53,007,01531932,53007,Chelan,Chelan County,06,H1,G4020,NA,48300,NA,A,7565814941,189653434,+47.8609739,-120.6190410,79074,2021,1105,130,22,12,25,75,13.974251966512382
53,007,01531932,53007,Chelan,Chelan County,06,H1,G4020,NA,48300,NA,A,7565814941,189653434,+47.8609739,-120.6190410,79074,2022,1136,114,18,7,38,96,14.366289804486936
53,003,01533502,53003,Asotin,Asotin County,06,H1,G4020,NA,30300,NA,A,1647427905,11291731,+46.1818612,-117.2277813,22285,2014,199,21,7,3,9,2,8.929773390172763
53,003,01533502,53003,Asotin,Asotin County,06,H1,G4020,NA,30300,NA,A,1647427905,11291731,+46.1818612,-117.2277813,22285,2015,238,14,3,6,8,6,10.679829481714158
53,003,01533502,53003,Asotin,Asotin County,06,H1,G4020,NA,30300,NA,A,1647427905,11291731,+46.1818612,-117.2277813,22285,2016,206,13,7,2,4,1,9.243886021987883
53,003,01533502,53003,Asotin,Asotin County,06,H1,G4020,NA,30300,NA,A,1647427905,11291731,+46.1818612,-117.2277813,22285,2017,234,24,1,3,10,3,10.500336549248374
53,003,01533502,53003,Asotin,Asotin County,06,H1,G4020,NA,30300,NA,A,1647427905,11291731,+46.1818612,-117.2277813,22285,2018,244,29,11,5,13,0,10.949068880412833
53,003,01533502,53003,Asotin,Asotin County,06,H1,G4020,NA,30300,NA,A,1647427905,11291731,+46.1818612,-117.2277813,22285,2019,211,27,5,5,5,3,9.468252187570114
53,003,01533502,53003,Asotin,Asotin County,06,H1,G4020,NA,30300,NA,A,1647427905,11291731,+46.1818612,-117.2277813,22285,2020,189,18,6,2,9,3,8.481041059008302
53,003,01533502,53003,Asotin,Asotin County,06,H1,G4020,NA,30300,NA,A,1647427905,11291731,+46.1818612,-117.2277813,22285,2021,228,18,3,3,12,8,10.231097150549697
53,003,01533502,53003,Asotin,Asotin County,06,H1,G4020,NA,30300,NA,A,1647427905,11291731,+46.1818612,-117.2277813,22285,2022,219,28,2,8,10,8,9.827238052501682
53,019,01531821,53019,Ferry,Ferry County,06,H1,G4020,NA,NA,NA,A,5706368585,140294391,+48.4732563,-118.5335894,7178,2014,104,1,1,0,3,14,14.488715519643355
53,019,01531821,53019,Ferry,Ferry County,06,H1,G4020,NA,NA,NA,A,5706368585,140294391,+48.4732563,-118.5335894,7178,2015,81,2,0,0,4,7,11.284480356645306
53,019,01531821,53019,Ferry,Ferry County,06,H1,G4020,NA,NA,NA,A,5706368585,140294391,+48.4732563,-118.5335894,7178,2016,70,3,1,0,5,8,9.752020061298412
53,019,01531821,53019,Ferry,Ferry County,06,H1,G4020,NA,NA,NA,A,5706368585,140294391,+48.4732563,-118.5335894,7178,2017,76,2,1,0,5,8,10.58790749512399
53,019,01531821,53019,Ferry,Ferry County,06,H1,G4020,NA,NA,NA,A,5706368585,140294391,+48.4732563,-118.5335894,7178,2018,67,1,0,0,4,13,9.334076344385624
53,019,01531821,53019,Ferry,Ferry County,06,H1,G4020,NA,NA,NA,A,5706368585,140294391,+48.4732563,-118.5335894,7178,2019,78,4,0,0,2,6,10.866536639732516
53,019,01531821,53019,Ferry,Ferry County,06,H1,G4020,NA,NA,NA,A,5706368585,140294391,+48.4732563,-118.5335894,7178,2020,74,4,0,0,3,11,10.309278350515465
53,019,01531821,53019,Ferry,Ferry County,06,H1,G4020,NA,NA,NA,A,5706368585,140294391,+48.4732563,-118.5335894,7178,2021,98,1,0,0,4,18,13.652828085817777
53,019,01531821,53019,Ferry,Ferry County,06,H1,G4020,NA,NA,NA,A,5706368585,140294391,+48.4732563,-118.5335894,7178,2022,65,3,0,0,4,11,9.055447199777097
53,017,01531818,53017,Douglas,Douglas County,06,H1,G4020,NA,48300,NA,A,4711819965,76557106,+47.7417625,-119.6946219,42938,2014,595,80,10,2,26,34,13.857189435930877
53,017,01531818,53017,Douglas,Douglas County,06,H1,G4020,NA,48300,NA,A,4711819965,76557106,+47.7417625,-119.6946219,42938,2015,614,94,6,2,20,41,14.299687922120265
53,017,01531818,53017,Douglas,Douglas County,06,H1,G4020,NA,48300,NA,A,4711819965,76557106,+47.7417625,-119.6946219,42938,2016,573,69,5,2,20,50,13.344822767711584
53,017,01531818,53017,Douglas,Douglas County,06,H1,G4020,NA,48300,NA,A,4711819965,76557106,+47.7417625,-119.6946219,42938,2017,634,90,7,3,20,47,14.765475802319623
53,017,01531818,53017,Douglas,Douglas County,06,H1,G4020,NA,48300,NA,A,4711819965,76557106,+47.7417625,-119.6946219,42938,2018,641,76,10,2,23,38,14.928501560389398
53,017,01531818,53017,Douglas,Douglas County,06,H1,G4020,NA,48300,NA,A,4711819965,76557106,+47.7417625,-119.6946219,42938,2019,688,91,4,3,22,45,16.023103078857886
53,017,01531818,53017,Douglas,Douglas County,06,H1,G4020,NA,48300,NA,A,4711819965,76557106,+47.7417625,-119.6946219,42938,2020,523,75,5,2,19,24,12.18035306721319
53,017,01531818,53017,Douglas,Douglas County,06,H1,G4020,NA,48300,NA,A,4711819965,76557106,+47.7417625,-119.6946219,42938,2021,680,96,5,3,26,38,15.836787926778145
53,017,01531818,53017,Douglas,Douglas County,06,H1,G4020,NA,48300,NA,A,4711819965,76557106,+47.7417625,-119.6946219,42938,2022,724,104,3,5,33,59,16.86152126321673
53,005,01513302,53005,Benton,Benton County,06,H1,G4020,313,28420,NA,A,4403309851,154293639,+46.2281252,-119.5166594,206873,2014,2829,278,47,27,102,313,13.675056677285099
53,005,01513302,53005,Benton,Benton County,06,H1,G4020,313,28420,NA,A,4403309851,154293639,+46.2281252,-119.5166594,206873,2015,3186,328,36,27,106,172,15.400753119063387
53,005,01513302,53005,Benton,Benton County,06,H1,G4020,313,28420,NA,A,4403309851,154293639,+46.2281252,-119.5166594,206873,2016,3092,337,53,26,99,133,14.946368061564343
53,005,01513302,53005,Benton,Benton County,06,H1,G4020,313,28420,NA,A,4403309851,154293639,+46.2281252,-119.5166594,206873,2017,3251,344,47,16,116,219,15.714955552440387
53,005,01513302,53005,Benton,Benton County,06,H1,G4020,313,28420,NA,A,4403309851,154293639,+46.2281252,-119.5166594,206873,2018,3626,461,57,31,140,151,17.52766189884615
53,005,01513302,53005,Benton,Benton County,06,H1,G4020,313,28420,NA,A,4403309851,154293639,+46.2281252,-119.5166594,206873,2019,3817,496,45,32,94,308,18.45093366461549
53,005,01513302,53005,Benton,Benton County,06,H1,G4020,313,28420,NA,A,4403309851,154293639,+46.2281252,-119.5166594,206873,2020,2846,439,34,16,132,177,13.75723269832216
53,005,01513302,53005,Benton,Benton County,06,H1,G4020,313,28420,NA,A,4403309851,154293639,+46.2281252,-119.5166594,206873,2021,3681,524,36,24,139,262,17.793525496319
53,005,01513302,53005,Benton,Benton County,06,H1,G4020,313,28420,NA,A,4403309851,154293639,+46.2281252,-119.5166594,206873,2022,3698,560,35,16,141,315,17.87570151735606
53,023,01533500,53023,Garfield,Garfield County,06,H1,G4020,NA,NA,NA,A,1841054897,19294817,+46.4293176,-117.5367052,2286,2014,63,1,0,0,3,8,27.559055118110237
53,023,01533500,53023,Garfield,Garfield County,06,H1,G4020,NA,NA,NA,A,1841054897,19294817,+46.4293176,-117.5367052,2286,2015,55,4,0,0,2,5,24.059492563429572
53,023,01533500,53023,Garfield,Garfield County,06,H1,G4020,NA,NA,NA,A,1841054897,19294817,+46.4293176,-117.5367052,2286,2016,31,0,0,0,0,8,13.560804899387577
53,023,01533500,53023,Garfield,Garfield County,06,H1,G4020,NA,NA,NA,A,1841054897,19294817,+46.4293176,-117.5367052,2286,2017,47,2,0,0,3,5,20.559930008748907
53,023,01533500,53023,Garfield,Garfield County,06,H1,G4020,NA,NA,NA,A,1841054897,19294817,+46.4293176,-117.5367052,2286,2018,45,2,0,0,2,2,19.68503937007874
53,023,01533500,53023,Garfield,Garfield County,06,H1,G4020,NA,NA,NA,A,1841054897,19294817,+46.4293176,-117.5367052,2286,2019,51,1,0,0,1,1,22.30971128608924
53,023,01533500,53023,Garfield,Garfield County,06,H1,G4020,NA,NA,NA,A,1841054897,19294817,+46.4293176,-117.5367052,2286,2020,40,2,0,0,0,3,17.497812773403325
53,023,01533500,53023,Garfield,Garfield County,06,H1,G4020,NA,NA,NA,A,1841054897,19294817,+46.4293176,-117.5367052,2286,2021,50,8,0,0,0,2,21.872265966754156
53,023,01533500,53023,Garfield,Garfield County,06,H1,G4020,NA,NA,NA,A,1841054897,19294817,+46.4293176,-117.5367052,2286,2022,47,1,0,1,0,4,20.559930008748907
53,033,01531933,53033,King,King County,06,H1,G4020,500,42660,42644,A,5479337396,496938967,+47.4905518,-121.8339765,2269675,2014,44058,10367,1109,674,1030,5851,19.411589765054465
53,033,01531933,53033,King,King County,06,H1,G4020,500,42660,42644,A,5479337396,496938967,+47.4905518,-121.8339765,2269675,2015,47347,11390,1222,709,1085,6237,20.860695914613324
53,033,01531933,53033,King,King County,06,H1,G4020,500,42660,42644,A,5479337396,496938967,+47.4905518,-121.8339765,2269675,2016,45025,11437,1189,647,965,5433,19.83764195314307
53,033,01531933,53033,King,King County,06,H1,G4020,500,42660,42644,A,5479337396,496938967,+47.4905518,-121.8339765,2269675,2017,44562,11023,1115,572,766,5267,19.63364798924956
53,033,01531933,53033,King,King County,06,H1,G4020,500,42660,42644,A,5479337396,496938967,+47.4905518,-121.8339765,2269675,2018,45295,11187,1263,699,867,5231,19.95660171610473
53,033,01531933,53033,King,King County,06,H1,G4020,500,42660,42644,A,5479337396,496938967,+47.4905518,-121.8339765,2269675,2019,42155,10716,1223,634,816,4590,18.57314373203212
53,033,01531933,53033,King,King County,06,H1,G4020,500,42660,42644,A,5479337396,496938967,+47.4905518,-121.8339765,2269675,2020,28724,7957,781,368,704,2985,12.655556412261667
53,033,01531933,53033,King,King County,06,H1,G4020,500,42660,42644,A,5479337396,496938967,+47.4905518,-121.8339765,2269675,2021,34118,9429,897,434,782,3448,15.032108121206779
53,033,01531933,53033,King,King County,06,H1,G4020,500,42660,42644,A,5479337396,496938967,+47.4905518,-121.8339765,2269675,2022,34832,9234,904,472,868,3154,15.346690605483163
53,049,01513274,53049,Pacific,Pacific County,06,H1,G4020,NA,NA,NA,A,2418037245,758680651,+46.5565866,-123.7824193,23365,2014,269,20,3,2,15,13,11.512946715172268
53,049,01513274,53049,Pacific,Pacific County,06,H1,G4020,NA,NA,NA,A,2418037245,758680651,+46.5565866,-123.7824193,23365,2015,308,36,1,4,16,21,13.182109993580141
53,049,01513274,53049,Pacific,Pacific County,06,H1,G4020,NA,NA,NA,A,2418037245,758680651,+46.5565866,-123.7824193,23365,2016,313,36,4,3,8,25,13.396105285683715
53,049,01513274,53049,Pacific,Pacific County,06,H1,G4020,NA,NA,NA,A,2418037245,758680651,+46.5565866,-123.7824193,23365,2017,277,43,1,3,14,17,11.855339182537985
53,049,01513274,53049,Pacific,Pacific County,06,H1,G4020,NA,NA,NA,A,2418037245,758680651,+46.5565866,-123.7824193,23365,2018,304,30,5,3,19,9,13.010913759897283
53,049,01513274,53049,Pacific,Pacific County,06,H1,G4020,NA,NA,NA,A,2418037245,758680651,+46.5565866,-123.7824193,23365,2019,327,42,2,2,19,14,13.995292103573723
53,049,01513274,53049,Pacific,Pacific County,06,H1,G4020,NA,NA,NA,A,2418037245,758680651,+46.5565866,-123.7824193,23365,2020,266,36,2,0,10,11,11.384549539910124
53,049,01513274,53049,Pacific,Pacific County,06,H1,G4020,NA,NA,NA,A,2418037245,758680651,+46.5565866,-123.7824193,23365,2021,301,32,3,0,7,16,12.88251658463514
53,049,01513274,53049,Pacific,Pacific County,06,H1,G4020,NA,NA,NA,A,2418037245,758680651,+46.5565866,-123.7824193,23365,2022,289,44,3,1,11,8,12.368927883586561
53,039,01529219,53039,Klickitat,Klickitat County,06,H1,G4020,NA,NA,NA,A,4847515939,84930636,+45.8704463,-120.7793049,22735,2014,386,41,1,2,25,39,16.97822740268309
53,039,01529219,53039,Klickitat,Klickitat County,06,H1,G4020,NA,NA,NA,A,4847515939,84930636,+45.8704463,-120.7793049,22735,2015,349,35,0,0,22,26,15.350780734550254
53,039,01529219,53039,Klickitat,Klickitat County,06,H1,G4020,NA,NA,NA,A,4847515939,84930636,+45.8704463,-120.7793049,22735,2016,258,30,2,0,10,18,11.348141631845174
53,039,01529219,53039,Klickitat,Klickitat County,06,H1,G4020,NA,NA,NA,A,4847515939,84930636,+45.8704463,-120.7793049,22735,2017,366,47,1,2,11,42,16.098526500989664
53,039,01529219,53039,Klickitat,Klickitat County,06,H1,G4020,NA,NA,NA,A,4847515939,84930636,+45.8704463,-120.7793049,22735,2018,320,36,1,1,17,26,14.075214427094789
53,039,01529219,53039,Klickitat,Klickitat County,06,H1,G4020,NA,NA,NA,A,4847515939,84930636,+45.8704463,-120.7793049,22735,2019,359,38,3,0,23,34,15.790631185396965
53,039,01529219,53039,Klickitat,Klickitat County,06,H1,G4020,NA,NA,NA,A,4847515939,84930636,+45.8704463,-120.7793049,22735,2020,302,28,2,0,23,23,13.283483615570706
53,039,01529219,53039,Klickitat,Klickitat County,06,H1,G4020,NA,NA,NA,A,4847515939,84930636,+45.8704463,-120.7793049,22735,2021,339,35,1,1,17,28,14.910930283703541
53,039,01529219,53039,Klickitat,Klickitat County,06,H1,G4020,NA,NA,NA,A,4847515939,84930636,+45.8704463,-120.7793049,22735,2022,291,35,3,1,15,21,12.799648119639324
53,055,01531931,53055,San Juan,San Juan County,06,H1,G4020,NA,NA,NA,A,450432205,1157478544,+48.5071904,-123.1037693,17788,2014,98,10,3,3,4,0,5.509332134022936
53,055,01531931,53055,San Juan,San Juan County,06,H1,G4020,NA,NA,NA,A,450432205,1157478544,+48.5071904,-123.1037693,17788,2015,93,6,3,0,9,2,5.228243759838093
53,055,01531931,53055,San Juan,San Juan County,06,H1,G4020,NA,NA,NA,A,450432205,1157478544,+48.5071904,-123.1037693,17788,2016,88,9,1,0,10,1,4.947155385653249
53,055,01531931,53055,San Juan,San Juan County,06,H1,G4020,NA,NA,NA,A,450432205,1157478544,+48.5071904,-123.1037693,17788,2017,110,16,3,1,11,1,6.183944232066562
53,055,01531931,53055,San Juan,San Juan County,06,H1,G4020,NA,NA,NA,A,450432205,1157478544,+48.5071904,-123.1037693,17788,2018,116,15,1,1,7,3,6.521250281088374
53,055,01531931,53055,San Juan,San Juan County,06,H1,G4020,NA,NA,NA,A,450432205,1157478544,+48.5071904,-123.1037693,17788,2019,107,9,4,1,7,2,6.015291207555656
53,055,01531931,53055,San Juan,San Juan County,06,H1,G4020,NA,NA,NA,A,450432205,1157478544,+48.5071904,-123.1037693,17788,2020,75,8,2,0,3,3,4.216325612772656
53,055,01531931,53055,San Juan,San Juan County,06,H1,G4020,NA,NA,NA,A,450432205,1157478544,+48.5071904,-123.1037693,17788,2021,107,12,2,2,6,3,6.015291207555656
53,055,01531931,53055,San Juan,San Juan County,06,H1,G4020,NA,NA,NA,A,450432205,1157478544,+48.5071904,-123.1037693,17788,2022,99,6,1,1,7,3,5.565549808859905
53,027,01531823,53027,Grays Harbor,Grays Harbor County,06,H1,G4020,NA,10140,NA,A,4924794342,834310602,+47.1137324,-123.8267349,75636,2014,1131,123,35,10,40,55,14.953196890369666
53,027,01531823,53027,Grays Harbor,Grays Harbor County,06,H1,G4020,NA,10140,NA,A,4924794342,834310602,+47.1137324,-123.8267349,75636,2015,1214,154,17,17,54,81,16.05055793537469
53,027,01531823,53027,Grays Harbor,Grays Harbor County,06,H1,G4020,NA,10140,NA,A,4924794342,834310602,+47.1137324,-123.8267349,75636,2016,1074,127,28,10,48,65,14.199587498016818
53,027,01531823,53027,Grays Harbor,Grays Harbor County,06,H1,G4020,NA,10140,NA,A,4924794342,834310602,+47.1137324,-123.8267349,75636,2017,1221,158,19,4,48,75,16.143106457242585
53,027,01531823,53027,Grays Harbor,Grays Harbor County,06,H1,G4020,NA,10140,NA,A,4924794342,834310602,+47.1137324,-123.8267349,75636,2018,1323,172,23,10,68,69,17.49167063303189
53,027,01531823,53027,Grays Harbor,Grays Harbor County,06,H1,G4020,NA,10140,NA,A,4924794342,834310602,+47.1137324,-123.8267349,75636,2019,1255,154,27,11,60,67,16.592627849172352
53,027,01531823,53027,Grays Harbor,Grays Harbor County,06,H1,G4020,NA,10140,NA,A,4924794342,834310602,+47.1137324,-123.8267349,75636,2020,1153,138,14,15,62,68,15.244063673383046
53,027,01531823,53027,Grays Harbor,Grays Harbor County,06,H1,G4020,NA,10140,NA,A,4924794342,834310602,+47.1137324,-123.8267349,75636,2021,1406,204,21,9,71,96,18.589031678036914
53,027,01531823,53027,Grays Harbor,Grays Harbor County,06,H1,G4020,NA,10140,NA,A,4924794342,834310602,+47.1137324,-123.8267349,75636,2022,1235,177,21,7,78,92,16.328203500978372
53,015,01529156,53015,Cowlitz,Cowlitz County,06,H1,G4020,440,31020,NA,A,2955587567,65453464,+46.1967854,-122.6784596,110730,2014,1610,159,36,28,87,133,14.53987176013727
53,015,01529156,53015,Cowlitz,Cowlitz County,06,H1,G4020,440,31020,NA,A,2955587567,65453464,+46.1967854,-122.6784596,110730,2015,1700,174,25,19,69,156,15.352659622505191
53,015,01529156,53015,Cowlitz,Cowlitz County,06,H1,G4020,440,31020,NA,A,2955587567,65453464,+46.1967854,-122.6784596,110730,2016,1613,172,31,18,70,133,14.566964688882868
53,015,01529156,53015,Cowlitz,Cowlitz County,06,H1,G4020,440,31020,NA,A,2955587567,65453464,+46.1967854,-122.6784596,110730,2017,1656,178,41,20,54,124,14.955296667569764
53,015,01529156,53015,Cowlitz,Cowlitz County,06,H1,G4020,440,31020,NA,A,2955587567,65453464,+46.1967854,-122.6784596,110730,2018,1783,180,29,16,78,164,16.102230651133386
53,015,01529156,53015,Cowlitz,Cowlitz County,06,H1,G4020,440,31020,NA,A,2955587567,65453464,+46.1967854,-122.6784596,110730,2019,1755,179,38,15,84,126,15.849363316174477
53,015,01529156,53015,Cowlitz,Cowlitz County,06,H1,G4020,440,31020,NA,A,2955587567,65453464,+46.1967854,-122.6784596,110730,2020,1621,217,32,14,101,139,14.639212498871128
53,015,01529156,53015,Cowlitz,Cowlitz County,06,H1,G4020,440,31020,NA,A,2955587567,65453464,+46.1967854,-122.6784596,110730,2021,1951,263,34,14,99,175,17.619434660886842
53,015,01529156,53015,Cowlitz,Cowlitz County,06,H1,G4020,440,31020,NA,A,2955587567,65453464,+46.1967854,-122.6784596,110730,2022,1791,204,22,12,113,160,16.174478461121648
53,071,01531819,53071,Walla Walla,Walla Walla County,06,H1,G4020,313,47460,NA,A,3289370358,74932288,+46.2546057,-118.4803697,62584,2014,1177,211,13,16,34,79,18.806723763262173
53,071,01531819,53071,Walla Walla,Walla Walla County,06,H1,G4020,313,47460,NA,A,3289370358,74932288,+46.2546057,-118.4803697,62584,2015,1089,209,22,10,33,59,17.400613575354722
53,071,01531819,53071,Walla Walla,Walla Walla County,06,H1,G4020,313,47460,NA,A,3289370358,74932288,+46.2546057,-118.4803697,62584,2016,1049,215,14,12,25,43,16.761472580851336
53,071,01531819,53071,Walla Walla,Walla Walla County,06,H1,G4020,313,47460,NA,A,3289370358,74932288,+46.2546057,-118.4803697,62584,2017,1122,265,15,15,23,61,17.927904895820017
53,071,01531819,53071,Walla Walla,Walla Walla County,06,H1,G4020,313,47460,NA,A,3289370358,74932288,+46.2546057,-118.4803697,62584,2018,998,180,13,14,21,32,15.946567812859517
53,071,01531819,53071,Walla Walla,Walla Walla County,06,H1,G4020,313,47460,NA,A,3289370358,74932288,+46.2546057,-118.4803697,62584,2019,1079,199,15,8,18,66,17.240828326728874
53,071,01531819,53071,Walla Walla,Walla Walla County,06,H1,G4020,313,47460,NA,A,3289370358,74932288,+46.2546057,-118.4803697,62584,2020,853,151,13,11,25,29,13.629681707784737
53,071,01531819,53071,Walla Walla,Walla Walla County,06,H1,G4020,313,47460,NA,A,3289370358,74932288,+46.2546057,-118.4803697,62584,2021,979,183,11,8,19,38,15.642975840470408
53,071,01531819,53071,Walla Walla,Walla Walla County,06,H1,G4020,313,47460,NA,A,3289370358,74932288,+46.2546057,-118.4803697,62584,2022,955,171,12,10,35,40,15.259491243768375
53,025,01531924,53025,Grant,Grant County,06,H1,G4020,393,34180,NA,A,6940003416,289811930,+47.2136328,-119.4677880,99123,2014,1562,279,20,18,60,109,15.75819940881531
53,025,01531924,53025,Grant,Grant County,06,H1,G4020,393,34180,NA,A,6940003416,289811930,+47.2136328,-119.4677880,99123,2015,1693,259,15,9,66,153,17.079789756161535
53,025,01531924,53025,Grant,Grant County,06,H1,G4020,393,34180,NA,A,6940003416,289811930,+47.2136328,-119.4677880,99123,2016,1387,262,17,7,53,125,13.992716120375695
53,025,01531924,53025,Grant,Grant County,06,H1,G4020,393,34180,NA,A,6940003416,289811930,+47.2136328,-119.4677880,99123,2017,1636,271,17,6,50,155,16.504746627926917
53,025,01531924,53025,Grant,Grant County,06,H1,G4020,393,34180,NA,A,6940003416,289811930,+47.2136328,-119.4677880,99123,2018,1800,311,29,13,59,146,18.159256681093186
53,025,01531924,53025,Grant,Grant County,06,H1,G4020,393,34180,NA,A,6940003416,289811930,+47.2136328,-119.4677880,99123,2019,1865,260,19,12,56,187,18.815007616799328
53,025,01531924,53025,Grant,Grant County,06,H1,G4020,393,34180,NA,A,6940003416,289811930,+47.2136328,-119.4677880,99123,2020,1484,194,11,7,43,142,14.971298285967938
53,025,01531924,53025,Grant,Grant County,06,H1,G4020,393,34180,NA,A,6940003416,289811930,+47.2136328,-119.4677880,99123,2021,1735,274,12,10,56,83,17.503505745387045
53,025,01531924,53025,Grant,Grant County,06,H1,G4020,393,34180,NA,A,6940003416,289811930,+47.2136328,-119.4677880,99123,2022,1929,291,17,13,59,142,19.46067007657153
53,001,01531601,53001,Adams,Adams County,06,H1,G4020,393,36830,NA,A,4985698856,12464425,+47.0112378,-118.5128614,20613,2014,554,109,2,1,27,64,26.87624314752826
53,001,01531601,53001,Adams,Adams County,06,H1,G4020,393,36830,NA,A,4985698856,12464425,+47.0112378,-118.5128614,20613,2015,550,78,4,2,18,76,26.682190850434193
53,001,01531601,53001,Adams,Adams County,06,H1,G4020,393,36830,NA,A,4985698856,12464425,+47.0112378,-118.5128614,20613,2016,486,99,1,1,14,63,23.577354096929124
53,001,01531601,53001,Adams,Adams County,06,H1,G4020,393,36830,NA,A,4985698856,12464425,+47.0112378,-118.5128614,20613,2017,490,79,7,1,18,64,23.771406394023188
53,001,01531601,53001,Adams,Adams County,06,H1,G4020,393,36830,NA,A,4985698856,12464425,+47.0112378,-118.5128614,20613,2018,503,83,4,1,21,62,24.402076359578906
53,001,01531601,53001,Adams,Adams County,06,H1,G4020,393,36830,NA,A,4985698856,12464425,+47.0112378,-118.5128614,20613,2019,494,76,4,1,12,66,23.965458691117256
53,001,01531601,53001,Adams,Adams County,06,H1,G4020,393,36830,NA,A,4985698856,12464425,+47.0112378,-118.5128614,20613,2020,505,76,0,0,31,62,24.49910250812594
53,001,01531601,53001,Adams,Adams County,06,H1,G4020,393,36830,NA,A,4985698856,12464425,+47.0112378,-118.5128614,20613,2021,509,90,4,3,24,46,24.693154805220008
53,001,01531601,53001,Adams,Adams County,06,H1,G4020,393,36830,NA,A,4985698856,12464425,+47.0112378,-118.5128614,20613,2022,555,106,6,1,22,51,26.924756221801776
53,011,01531820,53011,Clark,Clark County,06,H1,G4020,440,38900,NA,A,1627792396,70200672,+45.7717295,-122.4859533,503311,2014,4863,930,113,76,250,374,9.662018116035613
53,011,01531820,53011,Clark,Clark County,06,H1,G4020,440,38900,NA,A,1627792396,70200672,+45.7717295,-122.4859533,503311,2015,5475,1077,131,67,240,432,10.877966108429977
53,011,01531820,53011,Clark,Clark County,06,H1,G4020,440,38900,NA,A,1627792396,70200672,+45.7717295,-122.4859533,503311,2016,4731,1050,88,57,234,324,9.399754823558396
53,011,01531820,53011,Clark,Clark County,06,H1,G4020,440,38900,NA,A,1627792396,70200672,+45.7717295,-122.4859533,503311,2017,4975,1214,105,50,270,289,9.884544546016281
53,011,01531820,53011,Clark,Clark County,06,H1,G4020,440,38900,NA,A,1627792396,70200672,+45.7717295,-122.4859533,503311,2018,5321,1331,119,87,287,280,10.571992267206559
53,011,01531820,53011,Clark,Clark County,06,H1,G4020,440,38900,NA,A,1627792396,70200672,+45.7717295,-122.4859533,503311,2019,5351,1280,128,82,271,264,10.63159756095138
53,011,01531820,53011,Clark,Clark County,06,H1,G4020,440,38900,NA,A,1627792396,70200672,+45.7717295,-122.4859533,503311,2020,4492,1163,106,67,275,215,8.92489931672465
53,011,01531820,53011,Clark,Clark County,06,H1,G4020,440,38900,NA,A,1627792396,70200672,+45.7717295,-122.4859533,503311,2021,5288,1460,108,64,302,222,10.506426444087255
53,011,01531820,53011,Clark,Clark County,06,H1,G4020,440,38900,NA,A,1627792396,70200672,+45.7717295,-122.4859533,503311,2022,5247,1447,106,52,319,224,10.424965875969331
53,043,01514052,53043,Lincoln,Lincoln County,06,H1,G4020,NA,NA,NA,A,5984421204,75265950,+47.5827433,-118.4176925,10876,2014,221,3,0,2,8,23,20.319970577418168
53,043,01514052,53043,Lincoln,Lincoln County,06,H1,G4020,NA,NA,NA,A,5984421204,75265950,+47.5827433,-118.4176925,10876,2015,195,9,1,0,11,26,17.929385803604266
53,043,01514052,53043,Lincoln,Lincoln County,06,H1,G4020,NA,NA,NA,A,5984421204,75265950,+47.5827433,-118.4176925,10876,2016,169,6,0,0,4,22,15.538801029790365
53,043,01514052,53043,Lincoln,Lincoln County,06,H1,G4020,NA,NA,NA,A,5984421204,75265950,+47.5827433,-118.4176925,10876,2017,201,7,0,0,7,25,18.481059212945937
53,043,01514052,53043,Lincoln,Lincoln County,06,H1,G4020,NA,NA,NA,A,5984421204,75265950,+47.5827433,-118.4176925,10876,2018,208,6,0,1,9,32,19.12467819051122
53,043,01514052,53043,Lincoln,Lincoln County,06,H1,G4020,NA,NA,NA,A,5984421204,75265950,+47.5827433,-118.4176925,10876,2019,191,12,0,2,4,29,17.56160353070982
53,043,01514052,53043,Lincoln,Lincoln County,06,H1,G4020,NA,NA,NA,A,5984421204,75265950,+47.5827433,-118.4176925,10876,2020,182,3,1,0,7,30,16.734093416697316
53,043,01514052,53043,Lincoln,Lincoln County,06,H1,G4020,NA,NA,NA,A,5984421204,75265950,+47.5827433,-118.4176925,10876,2021,200,10,1,0,6,20,18.389113644722325
53,043,01514052,53043,Lincoln,Lincoln County,06,H1,G4020,NA,NA,NA,A,5984421204,75265950,+47.5827433,-118.4176925,10876,2022,208,10,1,1,15,23,19.12467819051122
53,035,01529223,53035,Kitsap,Kitsap County,06,H1,G4020,500,14740,NA,A,1023308791,442187072,+47.6395948,-122.6496339,275611,2014,3164,272,43,39,124,345,11.479948187844462
53,035,01529223,53035,Kitsap,Kitsap County,06,H1,G4020,500,14740,NA,A,1023308791,442187072,+47.6395948,-122.6496339,275611,2015,3462,330,52,32,126,319,12.561182245991633
53,035,01529223,53035,Kitsap,Kitsap County,06,H1,G4020,500,14740,NA,A,1023308791,442187072,+47.6395948,-122.6496339,275611,2016,3293,306,57,24,92,253,11.947999172747096
53,035,01529223,53035,Kitsap,Kitsap County,06,H1,G4020,500,14740,NA,A,1023308791,442187072,+47.6395948,-122.6496339,275611,2017,3352,250,36,31,116,251,12.162069003051403
53,035,01529223,53035,Kitsap,Kitsap County,06,H1,G4020,500,14740,NA,A,1023308791,442187072,+47.6395948,-122.6496339,275611,2018,3576,266,61,21,122,237,12.974808697766054
53,035,01529223,53035,Kitsap,Kitsap County,06,H1,G4020,500,14740,NA,A,1023308791,442187072,+47.6395948,-122.6496339,275611,2019,3456,275,45,34,113,192,12.539412432740349
53,035,01529223,53035,Kitsap,Kitsap County,06,H1,G4020,500,14740,NA,A,1023308791,442187072,+47.6395948,-122.6496339,275611,2020,2746,217,45,18,87,206,9.963317864671584
53,035,01529223,53035,Kitsap,Kitsap County,06,H1,G4020,500,14740,NA,A,1023308791,442187072,+47.6395948,-122.6496339,275611,2021,3159,293,56,22,97,220,11.461806676801725
53,035,01529223,53035,Kitsap,Kitsap County,06,H1,G4020,500,14740,NA,A,1023308791,442187072,+47.6395948,-122.6496339,275611,2022,3070,249,52,28,73,213,11.138887780240992
53,075,01533501,53075,Whitman,Whitman County,06,H1,G4020,446,39420,NA,A,5592463291,48246698,+46.9059441,-117.5353898,47973,2014,796,93,17,8,26,58,16.592666708356784
53,075,01533501,53075,Whitman,Whitman County,06,H1,G4020,446,39420,NA,A,5592463291,48246698,+46.9059441,-117.5353898,47973,2015,795,100,18,11,21,68,16.571821649677943
53,075,01533501,53075,Whitman,Whitman County,06,H1,G4020,446,39420,NA,A,5592463291,48246698,+46.9059441,-117.5353898,47973,2016,678,101,11,4,23,38,14.132949784253643
53,075,01533501,53075,Whitman,Whitman County,06,H1,G4020,446,39420,NA,A,5592463291,48246698,+46.9059441,-117.5353898,47973,2017,816,116,16,6,15,55,17.009567881933588
53,075,01533501,53075,Whitman,Whitman County,06,H1,G4020,446,39420,NA,A,5592463291,48246698,+46.9059441,-117.5353898,47973,2018,690,66,15,6,13,32,14.383090488399725
53,075,01533501,53075,Whitman,Whitman County,06,H1,G4020,446,39420,NA,A,5592463291,48246698,+46.9059441,-117.5353898,47973,2019,681,63,15,7,15,52,14.195484960290164
53,075,01533501,53075,Whitman,Whitman County,06,H1,G4020,446,39420,NA,A,5592463291,48246698,+46.9059441,-117.5353898,47973,2020,500,38,5,3,17,53,10.422529339420091
53,075,01533501,53075,Whitman,Whitman County,06,H1,G4020,446,39420,NA,A,5592463291,48246698,+46.9059441,-117.5353898,47973,2021,506,56,9,6,15,42,10.547599691493131
53,075,01533501,53075,Whitman,Whitman County,06,H1,G4020,446,39420,NA,A,5592463291,48246698,+46.9059441,-117.5353898,47973,2022,549,40,13,13,13,40,11.44393721468326
53,045,01529221,53045,Mason,Mason County,06,H1,G4020,500,43220,NA,A,2485218918,236969801,+47.3508322,-123.1731033,65726,2014,780,107,16,5,53,40,11.8674497154855
53,045,01529221,53045,Mason,Mason County,06,H1,G4020,500,43220,NA,A,2485218918,236969801,+47.3508322,-123.1731033,65726,2015,930,99,9,3,52,57,14.149651583848097
53,045,01529221,53045,Mason,Mason County,06,H1,G4020,500,43220,NA,A,2485218918,236969801,+47.3508322,-123.1731033,65726,2016,782,101,9,2,46,50,11.897879073730335
53,045,01529221,53045,Mason,Mason County,06,H1,G4020,500,43220,NA,A,2485218918,236969801,+47.3508322,-123.1731033,65726,2017,863,117,9,3,47,36,13.130268082646138
53,045,01529221,53045,Mason,Mason County,06,H1,G4020,500,43220,NA,A,2485218918,236969801,+47.3508322,-123.1731033,65726,2018,962,121,15,5,52,67,14.636521315765451
53,045,01529221,53045,Mason,Mason County,06,H1,G4020,500,43220,NA,A,2485218918,236969801,+47.3508322,-123.1731033,65726,2019,925,113,14,3,51,48,14.073578188236011
53,045,01529221,53045,Mason,Mason County,06,H1,G4020,500,43220,NA,A,2485218918,236969801,+47.3508322,-123.1731033,65726,2020,877,136,11,6,54,55,13.34327359035998
53,045,01529221,53045,Mason,Mason County,06,H1,G4020,500,43220,NA,A,2485218918,236969801,+47.3508322,-123.1731033,65726,2021,1113,184,14,4,55,53,16.933937863250463
53,045,01529221,53045,Mason,Mason County,06,H1,G4020,500,43220,NA,A,2485218918,236969801,+47.3508322,-123.1731033,65726,2022,1120,200,18,4,59,67,17.040440617107386
53,057,01531402,53057,Skagit,Skagit County,06,H1,G4020,500,34580,NA,A,4481338199,483760601,+48.4932917,-121.8157703,129523,2014,2102,255,38,23,103,191,16.228777900450115
53,057,01531402,53057,Skagit,Skagit County,06,H1,G4020,500,34580,NA,A,4481338199,483760601,+48.4932917,-121.8157703,129523,2015,2559,351,24,24,120,178,19.7571087760475
53,057,01531402,53057,Skagit,Skagit County,06,H1,G4020,500,34580,NA,A,4481338199,483760601,+48.4932917,-121.8157703,129523,2016,2348,339,35,19,133,139,18.12805447681107
53,057,01531402,53057,Skagit,Skagit County,06,H1,G4020,500,34580,NA,A,4481338199,483760601,+48.4932917,-121.8157703,129523,2017,2364,299,31,23,104,150,18.251584660639423
53,057,01531402,53057,Skagit,Skagit County,06,H1,G4020,500,34580,NA,A,4481338199,483760601,+48.4932917,-121.8157703,129523,2018,2618,334,34,26,126,159,20.212626328914556
53,057,01531402,53057,Skagit,Skagit County,06,H1,G4020,500,34580,NA,A,4481338199,483760601,+48.4932917,-121.8157703,129523,2019,2627,347,36,19,131,198,20.282112057318006
53,057,01531402,53057,Skagit,Skagit County,06,H1,G4020,500,34580,NA,A,4481338199,483760601,+48.4932917,-121.8157703,129523,2020,2062,332,25,11,139,118,15.919952440879227
53,057,01531402,53057,Skagit,Skagit County,06,H1,G4020,500,34580,NA,A,4481338199,483760601,+48.4932917,-121.8157703,129523,2021,2431,351,23,13,141,143,18.76886730542066
53,057,01531402,53057,Skagit,Skagit County,06,H1,G4020,500,34580,NA,A,4481338199,483760601,+48.4932917,-121.8157703,129523,2022,2402,351,36,21,139,138,18.544968847231765
53,053,01529159,53053,Pierce,Pierce County,06,H1,G4020,500,42660,45104,A,4320001331,356119653,+47.0514128,-122.1532402,921130,2014,13188,2242,251,110,424,1385,14.317197355422145
53,053,01529159,53053,Pierce,Pierce County,06,H1,G4020,500,42660,45104,A,4320001331,356119653,+47.0514128,-122.1532402,921130,2015,14755,2697,267,139,501,1349,16.018368742739895
53,053,01529159,53053,Pierce,Pierce County,06,H1,G4020,500,42660,45104,A,4320001331,356119653,+47.0514128,-122.1532402,921130,2016,14485,3038,267,122,459,1065,15.725250507528797
53,053,01529159,53053,Pierce,Pierce County,06,H1,G4020,500,42660,45104,A,4320001331,356119653,+47.0514128,-122.1532402,921130,2017,15610,3229,279,104,494,1130,16.946576487575044
53,053,01529159,53053,Pierce,Pierce County,06,H1,G4020,500,42660,45104,A,4320001331,356119653,+47.0514128,-122.1532402,921130,2018,16574,3452,298,121,563,1257,17.993117149588006
53,053,01529159,53053,Pierce,Pierce County,06,H1,G4020,500,42660,45104,A,4320001331,356119653,+47.0514128,-122.1532402,921130,2019,15686,3401,305,123,541,1031,17.0290838426715
53,053,01529159,53053,Pierce,Pierce County,06,H1,G4020,500,42660,45104,A,4320001331,356119653,+47.0514128,-122.1532402,921130,2020,13102,3060,239,88,433,881,14.223833769391943
53,053,01529159,53053,Pierce,Pierce County,06,H1,G4020,500,42660,45104,A,4320001331,356119653,+47.0514128,-122.1532402,921130,2021,15987,4119,281,73,381,1245,17.35585639377721
53,053,01529159,53053,Pierce,Pierce County,06,H1,G4020,500,42660,45104,A,4320001331,356119653,+47.0514128,-122.1532402,921130,2022,14467,3768,249,82,391,961,15.705709291848056
53,067,01529226,53067,Thurston,Thurston County,06,H1,G4020,500,36500,NA,A,1871256793,133627810,+46.9358216,-122.8301524,294793,2014,4508,621,88,78,153,521,15.292086311411737
53,067,01529226,53067,Thurston,Thurston County,06,H1,G4020,500,36500,NA,A,1871256793,133627810,+46.9358216,-122.8301524,294793,2015,5003,619,80,95,115,570,16.971230660158145
53,067,01529226,53067,Thurston,Thurston County,06,H1,G4020,500,36500,NA,A,1871256793,133627810,+46.9358216,-122.8301524,294793,2016,4742,542,90,61,137,540,16.085863639910038
53,067,01529226,53067,Thurston,Thurston County,06,H1,G4020,500,36500,NA,A,1871256793,133627810,+46.9358216,-122.8301524,294793,2017,5081,609,79,58,143,549,17.235823102990913
53,067,01529226,53067,Thurston,Thurston County,06,H1,G4020,500,36500,NA,A,1871256793,133627810,+46.9358216,-122.8301524,294793,2018,5042,580,112,64,186,503,17.103526881574528
53,067,01529226,53067,Thurston,Thurston County,06,H1,G4020,500,36500,NA,A,1871256793,133627810,+46.9358216,-122.8301524,294793,2019,4979,553,91,65,164,482,16.889817600824987
53,067,01529226,53067,Thurston,Thurston County,06,H1,G4020,500,36500,NA,A,1871256793,133627810,+46.9358216,-122.8301524,294793,2020,3707,478,53,42,159,331,12.574925456167549
53,067,01529226,53067,Thurston,Thurston County,06,H1,G4020,500,36500,NA,A,1871256793,133627810,+46.9358216,-122.8301524,294793,2021,4665,553,65,49,143,431,15.824663407882818
53,067,01529226,53067,Thurston,Thurston County,06,H1,G4020,500,36500,NA,A,1871256793,133627810,+46.9358216,-122.8301524,294793,2022,4174,479,65,46,171,350,14.159087902358603
53,021,01531822,53021,Franklin,Franklin County,06,H1,G4020,313,28420,NA,A,3215718486,60508754,+46.5375019,-118.9038912,96749,2014,1121,107,14,8,48,107,11.586683066491643
53,021,01531822,53021,Franklin,Franklin County,06,H1,G4020,313,28420,NA,A,3215718486,60508754,+46.5375019,-118.9038912,96749,2015,1236,103,16,9,41,80,12.77532584316117
53,021,01531822,53021,Franklin,Franklin County,06,H1,G4020,313,28420,NA,A,3215718486,60508754,+46.5375019,-118.9038912,96749,2016,1257,128,11,7,35,86,12.99238235020517
53,021,01531822,53021,Franklin,Franklin County,06,H1,G4020,313,28420,NA,A,3215718486,60508754,+46.5375019,-118.9038912,96749,2017,1306,165,8,0,32,79,13.498847533307838
53,021,01531822,53021,Franklin,Franklin County,06,H1,G4020,313,28420,NA,A,3215718486,60508754,+46.5375019,-118.9038912,96749,2018,1437,117,14,7,54,51,14.852866696296603
53,021,01531822,53021,Franklin,Franklin County,06,H1,G4020,313,28420,NA,A,3215718486,60508754,+46.5375019,-118.9038912,96749,2019,1433,117,18,5,51,143,14.811522599716794
53,021,01531822,53021,Franklin,Franklin County,06,H1,G4020,313,28420,NA,A,3215718486,60508754,+46.5375019,-118.9038912,96749,2020,1230,128,9,6,63,99,12.713309698291456
53,021,01531822,53021,Franklin,Franklin County,06,H1,G4020,313,28420,NA,A,3215718486,60508754,+46.5375019,-118.9038912,96749,2021,1498,162,10,8,79,111,15.4833641691387
53,021,01531822,53021,Franklin,Franklin County,06,H1,G4020,313,28420,NA,A,3215718486,60508754,+46.5375019,-118.9038912,96749,2022,1597,153,21,6,73,141,16.506630559488986
53,059,01529220,53059,Skamania,Skamania County,06,H1,G4020,440,38900,NA,A,4294897557,73323243,+46.0247853,-121.9532319,12036,2014,149,7,2,0,7,18,12.379528082419409
53,059,01529220,53059,Skamania,Skamania County,06,H1,G4020,440,38900,NA,A,4294897557,73323243,+46.0247853,-121.9532319,12036,2015,147,4,1,0,11,15,12.213359920239283
53,059,01529220,53059,Skamania,Skamania County,06,H1,G4020,440,38900,NA,A,4294897557,73323243,+46.0247853,-121.9532319,12036,2016,132,11,1,0,7,10,10.967098703888336
53,059,01529220,53059,Skamania,Skamania County,06,H1,G4020,440,38900,NA,A,4294897557,73323243,+46.0247853,-121.9532319,12036,2017,154,9,2,0,15,11,12.794948487869725
53,059,01529220,53059,Skamania,Skamania County,06,H1,G4020,440,38900,NA,A,4294897557,73323243,+46.0247853,-121.9532319,12036,2018,166,10,0,0,5,12,13.791957460950483
53,059,01529220,53059,Skamania,Skamania County,06,H1,G4020,440,38900,NA,A,4294897557,73323243,+46.0247853,-121.9532319,12036,2019,151,10,0,1,7,11,12.545696244599535
53,059,01529220,53059,Skamania,Skamania County,06,H1,G4020,440,38900,NA,A,4294897557,73323243,+46.0247853,-121.9532319,12036,2020,146,21,2,0,5,10,12.130275839149219
53,059,01529220,53059,Skamania,Skamania County,06,H1,G4020,440,38900,NA,A,4294897557,73323243,+46.0247853,-121.9532319,12036,2021,138,11,0,1,6,11,11.465603190428714
53,059,01529220,53059,Skamania,Skamania County,06,H1,G4020,440,38900,NA,A,4294897557,73323243,+46.0247853,-121.9532319,12036,2022,134,6,0,0,6,10,11.133266866068462
